<bookings>

    <booking>
        <number>101</number>
        <name>Mr and Mrs Smith</name>
        <checkin>
            <day>24</day>
            <month>8</month>
            <year>2015</year>
        </checkin>
        <checkout>
            <day>29</day>
            <month>8</month>
            <year>2015</year>
        </checkout>
    </booking>

    <booking>
        <number>203</number>
        <name>Alice, Bob, and family</name>
        <checkin>
            <day>24</day>
            <month>8</month>
            <year>2015</year>
        </checkin>
        <checkout>
            <day>28</day>
            <month>8</month>
            <year>2015</year>
        </checkout>
    </booking>

    <booking>
        <number>204</number>
        <name>Alice, Bob, and family</name>
        <checkin>
            <day>12</day>
            <month>8</month>
            <year>2015</year>
        </checkin>
        <checkout>
            <day>17</day>
            <month>8</month>
            <year>2015</year>
        </checkout>
    </booking>

    <booking>
        <number>203</number>
        <name>Carol and Dave</name>
        <checkin>
            <day>17</day>
            <month>8</month>
            <year>2015</year>
        </checkin>
        <checkout>
            <day>21</day>
            <month>8</month>
            <year>2015</year>
        </checkout>
    </booking>

</bookings>
