<roomTypes>
    <roomType>
        <id>Triple Room</id>
        <description>King and Single Beds</description>
        <maxGuests>3</maxGuests>
    </roomType>
    <roomType>
        <id>King</id>
        <description>King Bed</description>
        <maxGuests>2</maxGuests>
    </roomType>
    <roomType>
        <id>Double</id>
        <description>Double Bed</description>
        <maxGuests>2</maxGuests>
    </roomType>
    <roomType>
        <id>Twin</id>
        <description>Twin Single Beds</description>
        <maxGuests>2</maxGuests>
    </roomType>
    <roomType>
        <id>Single</id>
        <description>Single Bed</description>
        <maxGuests>1</maxGuests>
    </roomType>
</roomTypes>